{"cameraMode":{"drawMode":0,"name":"Shaded","section":"Shading Mode"},"sceneLighting":true,"audioPlay":false,"sceneViewState":{"m_AlwaysRefresh":false,"showFog":true,"showSkybox":true,"showFlares":true,"showImageEffects":true,"showParticleSystems":true,"showVisualEffectGraphs":true,"m_FxEnabled":true},"in2DMode":false,"pivot":{"x":126.09517669677735,"y":4.770773887634277,"z":100.7500991821289},"rotation":{"x":0.14626000821590424,"y":0.35650554299354555,"z":-0.0567166768014431,"w":0.9211351275444031},"size":0.5204319953918457,"orthographic":false}