{"cameraMode":{"drawMode":0,"name":"Shaded","section":"Shading Mode"},"sceneLighting":true,"audioPlay":false,"sceneViewState":{"m_AlwaysRefresh":false,"showFog":true,"showSkybox":true,"showFlares":true,"showImageEffects":true,"showParticleSystems":true,"showVisualEffectGraphs":true,"m_FxEnabled":true},"in2DMode":false,"pivot":{"x":187.41616821289063,"y":30.473962783813478,"z":113.40995788574219},"rotation":{"x":-0.08313345909118653,"y":0.7885149717330933,"z":-0.11002243310213089,"w":-0.599746823310852},"size":0.8660253882408142,"orthographic":false}